브랜드명_제품명,건강 고민 정보
21세기센트리_L-아르기닌 1000mg,"남성건강,운동능력&근육량"
21세기센트리_마그네슘 250mg,"스트레스&수면,여성건강"
21세기센트리_멀티비타민 & 멀티미네랄 어덜트,"갑상선건강,눈건강,면역기능,뼈건강,피부건강,혈당,호흡기건강"
21세기센트리_칼슘 마그네슘 징크 + D3,"스트레스&수면,여성건강,치아&잇몸"
CJ제일제당_BYO 바이오 20억 생유산균,"임산부&태아건강,장건강"
CJ제일제당_BYO 바이오 식물성 유산균 100,"장건강,피부건강"
CJ제일제당_BYO 바이오 식물성 피부 생유산균,피부건강
CJ제일제당_리턴업 전립소 쏘팔메토,남성건강
CJ제일제당_이너비 아쿠아리치 더블업,피부건강
CJ제일제당_이너비 아쿠아뱅크,피부건강
GC녹십자_마이크로바이옴 포스트바이오틱스,장건강
GC녹십자_비맥스 골드,"간건강,면역기능,뼈건강,피로감,피부건강,혈관혈액순환,호흡기건강"
GC녹십자_비맥스 메타,"간건강,면역기능,빈혈,뼈건강,소화&위식도건강,피로감,피부건강,혈관혈액순환,호흡기건강"
GC녹십자_비맥스 메타비,"간건강,면역기능,빈혈,뼈건강,소화&위식도건강,피로감,피부건강,혈관혈액순환,호흡기건강"
GC녹십자_비맥스 비비,"간건강,면역기능,빈혈,스트레스&수면,치아잇몸&잇몸건강,피로감,피부건강,혈관혈액순환"
GC녹십자_비맥스 액티브,"간건강,면역기능,뼈건강,피로감,피부건강,혈관혈액순환"
GC녹십자_비맥스 에버정,"면역기능,스트레스&수면"
GC녹십자_실리웰골드,간건강
GC녹십자_포스트바이오틱스 맥스,장건강
GC녹십자_프로비던스 포스트 바이오틱스 데일리,장건강
GC녹십자_훼리너프캡슐,"빈혈,임산부&태아건강"
GNC_남성 아르긴맥스,"남성건강,운동능력&근육량,피부건강"
GNC_메가맨 스포츠(해외),"간건강,갑상선건강,빈혈,피로감,피부건강,피부건강,혈관혈액순환,혈당"
GNC_밀크씨슬 엑스트라 스트렝스 650mg,간건강
GNC_우먼스울트라메가 멀티비타민&미네랄 1000mg,"눈건강,눈건강"
MIA뉴트라_엘포비 플로라,"임산부&태아건강,장건강"
RBK_트루블루 프로폴리스,치아잇몸&잇몸건강
SAN_퍼포먼스 크레아틴,운동능력&근육량
Y.S.에코비팜_프로폴리스,치아잇몸&잇몸건강
Y.S.에코비팜_프로폴리스 1000,치아잇몸&잇몸건강
가든오브라이프_닥터포뮬레이티드 프로바이오틱스 원스 데일리 우먼 500억,여성건강
가든오브라이프_마이카인드 유기농 여성 멀티비타민,혈당
가든오브라이프_우벤자임 N 조인트 헬스,소화&위식도건강
가스파리뉴트리션_아나바이트 얼티밋 퍼포먼스 멀티비타민,"갑상선건강,남성건강,면역기능,빈혈,뼈건강,뼈건강,치아&잇몸,피로감,피부건강,혈압"
경남제약_레모나 핑크,피부건강
경남제약_레모나산 C500,치아잇몸&잇몸건강
고려은단_루테인 지아잔틴 아스타잔틴,"눈건강,눈건강"
고려은단_마시는 고려은단 비타민C 1000,"치아잇몸&잇몸건강,호흡기건강"
고려은단_멀티비타민 올인원,"갑상선건강,뼈건강,치아&잇몸"
고려은단_메가도스B 활력비타민,"간건강,빈혈,피로감,혈관혈액순환"
고려은단_메가도스C 3000,치아잇몸&잇몸건강
고려은단_비타민C 1000,"노화&향산화,면역기능,치아잇몸&잇몸건강,호흡기건강"
고려은단_비타민C 1000 이지,"노화&향산화,치아잇몸&잇몸건강,호흡기건강"
고려은단_비타민C 1000 이지 + 비타민D,"노화&향산화,면역기능,뼈건강,치아잇몸&잇몸건강,호흡기건강"
고려은단_비타민C 3000,치아잇몸&잇몸건강
고려은단_비타민C 골드 프리미엄,"노화&향산화,면역기능,치아잇몸&잇몸건강,피부건강,호흡기건강"
고려은단_비타민C 골드 플러스,"치아잇몸&잇몸건강,호흡기건강"
고려은단_비타민C 골드플러스,"노화&향산화,면역기능,치아잇몸&잇몸건강,호흡기건강"
고려은단_비타민C 분말,치아잇몸&잇몸건강
고려은단_신바이오틱스,장건강
고려은단_쏠라C 레몬맛,"치아잇몸&잇몸건강,호흡기건강"
고려은단_알티지 오메가3,치아잇몸&잇몸건강
고려은단_퓨어 밀크씨슬,간건강
고려은단_퓨어 알티지 오메가3,혈중중성지방
광동제약_마이메가 100,"간건강,면역기능,스트레스&수면,피로감,피부건강"
광동제약_멀티비타민미네랄,혈당
광동제약_비타500 데일리 스틱,치아잇몸&잇몸건강
광동제약_페리비타,빈혈
그레이스클럽_그린몬스터 다이어트 14in1 녹차카테킨,"체지방,피부건강"
그레이스클럽_그린몬스터 다이어트 스페셜 투 가르시니아 900,체지방
그린스토어_(단종) 우먼 프로바이오틱스,여성건강
그린스토어_아이브라이트 아레즈투,"눈건강,눈건강,혈관혈액순환,혈중중성지방"
그린스토어_알티지 클린 오메가3,스트레스&수면
그린스토어_우먼케어 건강한 질엔,여성건강
그린스토어_피로한눈엔 루테인 아스타잔틴 오메가3,"눈건강,눈건강,눈건강,눈건강,혈중중성지방"
그린스토어_혈당엔,혈당
나우스포츠_ZMA,"스트레스&수면,여성건강"
나우푸드_L-아르기닌 500mg,"남성건강,운동능력&근육량"
나우푸드_L-아르기닌 파우더,"남성건강,운동능력&근육량"
나우푸드_L-카르니틴 1000mg,남성건강
나우푸드_L-테아닌 200mg,스트레스&수면
나우푸드_L-티로신 500mg,갑상선건강
나우푸드_MSM 1000mg,관절건강
나우푸드_다이어트 서포트,"갑상선건강,혈당"
나우푸드_더블 스트렝스 L-아르기닌 1000mg,"남성건강,운동능력&근육량"
나우푸드_더블 스트렝스 밀크시슬추출물 300mg,소화&위식도건강
나우푸드_데일리 비츠 (캡슐),"갑상선건강,눈건강,면역기능,뼈건강,임산부&태아건강,혈당,호흡기건강"
나우푸드_레시틴,혈중콜레스테롤
나우푸드_마그네슘 말레이트 1000mg,스트레스&수면
나우푸드_마그네슘 시트레이트 (베지캡슐),"스트레스&수면,여성건강"
나우푸드_마그네슘 캡슐 400mg,"스트레스&수면,여성건강"
나우푸드_마노스 크랜베리,여성건강
나우푸드_맥주효모 650mg 200타블렛,"소화&위식도건강,탈모&손톱건강"
나우푸드_밀크씨슬 추출물 150mg,간건강
나우푸드_브루어스 이스트 200정,"소화&위식도건강,탈모&손톱건강"
나우푸드_비타민C 크리스탈 1100mg,"면역기능,치아잇몸&잇몸건강,호흡기건강"
나우푸드_비타민D3 1000IU,"뼈건강,호흡기건강"
나우푸드_셀레늄 100mcg,"노화&향산화,피부건강"
나우푸드_실리마린 300mg,"간건강,소화&위식도건강"
나우푸드_아담 캡슐,"갑상선건강,눈건강,면역기능,뼈건강,뼈건강,피부건강,혈당"
나우푸드_에피코르 플러스 이뮤니티,탈모&손톱건강
나우푸드_오메가3,"두뇌활동,스트레스&수면,혈관혈액순환,혈중중성지방"
나우푸드_울트라 오메가3 피쉬오일,"혈관혈액순환,혈중중성지방"
나우푸드_울트라 오메가3-D,"두뇌활동,뼈건강,혈관혈액순환,혈중중성지방"
나우푸드_츄어블 파파야 엔자임,소화&위식도건강
나우푸드_칼 마그 DK,"뼈건강,임산부&태아건강"
나우푸드_칼륨 플러스 요오드,혈압
나우푸드_칼슘 & 마그네슘,"스트레스&수면,여성건강"
나우푸드_코큐텐 100mg 캡슐,혈압
나우푸드_크랜베리 캡슐,여성건강
나우푸드_키토산 500mg,"체지방,혈당,혈중콜레스테롤"
나우푸드_포타슘 시트레이트 99mg,혈압
나우푸드_폴리코사놀 20mg,"소화&위식도건강,혈압,혈중콜레스테롤"
나우푸드_프로바이오틱-10 250억,장건강
나우푸드_프로폴리스 1500,치아잇몸&잇몸건강
나우푸드_피크노제놀 100mg,여성갱년기
나우푸드_피크노제놀 60mg,"노화&향산화,여성갱년기,혈관혈액순환"
남유에프엔씨_남유네 양배추효소,소화&위식도건강
내추럴라이프_칼슘 마그네슘 비타민D,뼈건강
내추럴라이프뉴트리션_데일리베스트 알티지 오메가-3,"두뇌활동,스트레스&수면,혈관혈액순환,혈중중성지방"
내추럴팩터스_크랜리치 슈퍼 스트렝스 크랜베리 컨센트레이트,여성건강
내추럴플러스_알티지 오메가3 1200,"두뇌활동,뼈건강,스트레스&수면,혈관혈액순환,혈중중성지방"
내추럴플러스_초임계 알티지 오메가3 앤 비타민D,"두뇌활동,스트레스&수면,혈관혈액순환,혈중중성지방"
내추럴플러스_코랄칼슘 앤 마그네슘 2:1 플러스,치아&잇몸
내추럴플러스_프로폴리스 1000,치아잇몸&잇몸건강
내추럴플러스_프리미엄 오메가3 1100,스트레스&수면
네이처가든_뉴트리가든 간에는 역시 밀크시슬파워,간건강
네이처메이드_액티브 데일리 멀티 포 맨,"갑상선건강,면역기능,뼈건강,뼈건강,치아&잇몸,피부건강,혈당"
네이처메이드_액티브 데일리 멀티 포 우먼,"갑상선건강,면역기능,뼈건강,뼈건강,치아&잇몸,피부건강,혈당"
네이처메이드_우먼 멀티비타민,"갑상선건강,면역기능,뼈건강,뼈건강,임산부&태아건강,치아&잇몸,피부건강,혈당"
네이처메이드_칼슘 마그네슘 아연 비타민D,"스트레스&수면,여성건강"
네이처스바운티_칼슘 마그네슘 징크 위드 비타민D3,뼈건강
네이처스바운티_헤어 스킨 네일 구미,피부건강
네이처스웨이_얼라이브 맥스3 데일리 NO 아이언,"갑상선건강,면역기능,빈혈,뼈건강,뼈건강,치아&잇몸,치아잇몸&잇몸건강,피로감,피부건강,피부건강,혈관혈액순환,혈당,호흡기건강"
네이처스웨이_얼라이브 맥스3 포텐시,"갑상선건강,면역기능,빈혈,뼈건강,뼈건강,치아&잇몸,피부건강,호흡기건강"
네이처스웨이_얼라이브 맥스3 포텐시 NO 아이언,"면역기능,뼈건강,뼈건강,피부건강,호흡기건강"
네이처스웨이_얼라이브 맨즈 멀티비타민,"갑상선건강,피부건강"
네이처스웨이_얼라이브 맨즈 울트라 포텐시,"갑상선건강,면역기능,뼈건강,뼈건강,피부건강,호흡기건강"
네이처스웨이_얼라이브 어덜트 프리미엄 구미,갑상선건강
네이처스웨이_얼라이브 우먼스 구미,갑상선건강
네이처스웨이_얼라이브 우먼스 울트라 포텐시,"갑상선건강,면역기능,뼈건강,뼈건강,임산부&태아건강,피부건강"
네이처스웨이_얼라이브 우먼스 프리미엄 구미,"갑상선건강,뼈건강,호흡기건강"
네이처스웨이_얼라이브 원스데일리 맨즈 울트라 포텐시,"갑상선건강,눈건강,면역기능,뼈건강,뼈건강,피부건강,피부건강,혈관혈액순환"
네이처스웨이_얼라이브 원스데일리 멀티비타민,"갑상선건강,빈혈,피부건강,피부건강,혈관혈액순환,혈당"
네이처스웨이_얼라이브 원스데일리 옴니 포텐시,"갑상선건강,빈혈,피부건강,혈관혈액순환"
네이처스웨이_얼라이브 원스데일리 포 맨,"갑상선건강,피부건강,피부건강,혈당"
네이처스웨이_얼라이브 원스데일리 포 우먼,"갑상선건강,뼈건강,치아&잇몸,피부건강,피부건강,혈당"
네이처스웨이_얼라이브 원스데일리+밀크씨슬,간건강
네이처스웨이_얼라이브 칼슘 마그네슘 비타민D (국내),"스트레스&수면,여성건강,치아&잇몸"
네이처스웨이_징크골드 아이즈,눈건강
네추럴라이즈_감마리놀렌산 달맞이꽃종자유 1001mg,"여성건강,피부건강,혈중콜레스테롤"
네추럴라이즈_감마리놀렌산 보라지 오일,"여성건강,피부건강,혈중콜레스테롤"
네추럴라이즈_슈퍼 그린 멀티비타민&미네랄,"눈건강,눈건강,뼈건강"
네추럴라이즈_파워 마그네슘,스트레스&수면
네추럴라이즈_프리미엄 레시틴 플러스,혈중콜레스테롤
네추럴라이즈_활성비타민B-100 컴플렉스,"간건강,빈혈,피로감,혈관혈액순환"
네츄럴굿띵스_속편한 다이어트,체지방
노르딕내추럴스_얼티메이트 오메가 엑스트라,"두뇌활동,스트레스&수면,혈관혈액순환,혈중중성지방"
노르딕내추럴스_얼티메이트 오메가(소프트젤),"눈건강,두뇌활동,스트레스&수면,임산부&태아건강,혈관혈액순환,혈중중성지방"
노르딕내추럴스_오메가3 1560mg,"두뇌활동,스트레스&수면,혈관혈액순환,혈중중성지방"
노르딕내추럴스_오메가3 690mg,"혈관혈액순환,혈중중성지방"
노르딕내추럴스_프로오메가 1000,"두뇌활동,스트레스&수면,혈관혈액순환,혈중중성지방"
노르딕내추럴스_프로오메가 2000,"두뇌활동,스트레스&수면,혈관혈액순환,혈중중성지방"
녹십자웰빙_프로비던스 프로바이오틱스 장건강,장건강
녹십자웰빙_프로비던스 프로바이오틱스 패밀리,장건강
녹십초생활건강_루테인 골드,"눈건강,눈건강"
농심_라이필 더마 콜라겐,"피부건강,피부건강"
농심_라이필 더마 콜라겐 비오틴,피부건강
뉴트라라이프_감마리놀렌산 보라지유,"여성건강,피부건강,혈중콜레스테롤"
뉴트리_마스터바이옴 지노마스터,여성건강
뉴트리_에버콜라겐 블랙,"피부건강,피부건강"
뉴트리_에버콜라겐 인앤업 플러스,"피부건강,피부건강"
뉴트리_에버콜라겐 코큐,"피부건강,혈압"
뉴트리_에버콜라겐 타임,"피부건강,피부건강"
뉴트리_에버콜라겐 타임비오틴,피부건강
뉴트리디데이_L-아르기닌,"남성건강,운동능력&근육량"
뉴트리디데이_뉴트리디데이 가르시니아 1000,체지방
뉴트리디데이_뉴트리디데이 프리미엄 루테인 골드,"눈건강,눈건강"
뉴트리디데이_뉴트리디데이 프리미엄 루테인 오메가3 골드,눈건강
뉴트리디데이_뉴트리디데이 프리미엄 멀티비타민 골드,피부건강
뉴트리디데이_뉴트리디데이 프리미엄 쏘팔메토 골드,"남성건강,운동능력&근육량"
뉴트리디데이_뉴트리디데이 프리미엄 오메가-3 골드1100,"두뇌활동,스트레스&수면,혈관혈액순환,혈중중성지방"
뉴트리디데이_프리미엄 비타민B 컴플렉스 골드,피부건강
뉴트리디데이_프리미엄 칼슘 마그네슘 아연 비타민D,"뼈건강,치아&잇몸"
뉴트리원_뉴트리원라이프 루테인 지아잔틴 164,눈건강
뉴트리원_뉴트리원라이프 루테인 지아잔틴 164 알티지 오메가3,눈건강
뉴트리원_뉴트리원라이프 루테인 지아잔틴 164 에이엑스,"눈건강,눈건강"
뉴트리원_뉴트리원라이프 어골칼슘&마그네슘 비타민D,뼈건강
뉴트리원_뉴트리원라이프 트리플엑스 127,"임산부&태아건강,피부건강"
뉴트리원_뉴트리원라이프 포스트바이오틱스,장건강
뉴트리원_비비랩 프로바이오틱스 더블유,여성건강
뉴트리원_비비랩 히알루론산,피부건강
뉴트리코스트_L-테아닌,스트레스&수면
뉴트리코스트_크레아틴 모노하이드레이트 500g,운동능력&근육량
뉴트리코어_(단종) 칼슘마그네슘디,뼈건강
뉴트리코어_NCS 쏘팔메토 옥타코사놀,"남성건강,운동능력&근육량"
뉴트리코어_NCS 초임계 루테인 아스타잔틴,"눈건강,눈건강"
뉴트리코어_WCS 맥스 아르기닌,"남성건강,운동능력&근육량"
뉴트리코어_달맞이꽃종자유,"여성건강,피부건강,혈중콜레스테롤"
뉴트리코어_루테인 지아잔틴,눈건강
뉴트리코어_멀티비타민 미네랄,혈당
뉴트리코어_비타민B 컴플렉스,"피부건강,혈당"
뉴트리코어_여성을 위한 유산균 이너 프로바이오틱스,여성건강
뉴트리코어_초임계 식물성 알티지 오메가3,"두뇌활동,혈관혈액순환,혈중중성지방"
뉴트리코어_코엔자임Q10,혈압
뉴트리코어_콜라겐 담다,피부건강
뉴트리콜로지_매스틱 검,소화&위식도건강
다나음_청소년 비타민D3 2000IU,뼈건강
다림바이오텍_디카맥스디정,"뼈건강,치아&잇몸"
다인내추럴_웰러스 폴리시아 프로바이오틱스,장건강
다케다_액티넘 이엑스플러스,"스트레스&수면,혈관혈액순환"
닥터린_루테인 지아잔틴 24,눈건강
닥터린_여성이 건강해 질 유산균 인 케어,여성건강
닥터린_초임계 알티지 오메가3,"혈관혈액순환,혈중중성지방"
닥터브라이언_rTG 오메가-3 1200,"두뇌활동,스트레스&수면"
닥터스베스트_B 컴플렉스 위드 쿼트라폴릭,"빈혈,피로감,혈관혈액순환"
닥터스베스트_B컴플렉스,"간건강,빈혈,피로감,혈관혈액순환"
닥터스베스트_CoQ10 100mg with 바이오페린,"노화&향산화,혈압"
닥터스베스트_MSM 1500mg,관절건강
닥터스베스트_MSM with OptiMSM 1000mg,관절건강
닥터스베스트_MSM with OptiMSM 1500mg,관절건강
닥터스베스트_MSM 파우더 with OptiMSM,관절건강
닥터스베스트_글루코사민 콘드로이틴 MSM with OptiMSM,"관절건강,혈압"
닥터스베스트_다이제스티브 엔자임,소화&위식도건강
닥터스베스트_루테인 루테맥스,눈건강
닥터스베스트_루테인 옵티루트,눈건강
닥터스베스트_멀티비타민,"간건강,눈건강,면역기능,빈혈,뼈건강,뼈건강,피로감,피부건강,피부건강,혈관혈액순환,혈당,혈압,호흡기건강"
닥터스베스트_비타민C 1000mg with Quali®-C,"노화&향산화,치아잇몸&잇몸건강,호흡기건강"
닥터스베스트_비타민D3 1000IU,뼈건강
닥터스베스트_완전 활성 엽산 800,임산부&태아건강
닥터스베스트_징코 120mg,"두뇌활동,혈관혈액순환"
닥터스베스트_칼슘 본 메이커 컴플렉스,"면역기능,뼈건강,뼈건강,스트레스&수면,여성건강,임산부&태아건강,치아&잇몸"
닥터스베스트_코큐텐,혈압
닥터스베스트_코큐텐 200mg 위드 바이오페린,"남성건강,혈압"
닥터스베스트_킬레이트 마그네슘,"스트레스&수면,여성건강"
닥터스베스트_퓨어 비타민 C 파우더 250g,"치아잇몸&잇몸건강,호흡기건강"
닥터아돌_비오틴,피부건강
닥터아돌_위솔보,소화&위식도건강
닥터아돌_이지먼스,"스트레스&수면,여성건강,피부건강,혈중콜레스테롤"
닥터아돌_칼슘마그네슘비타민D+,"스트레스&수면,여성건강,치아&잇몸"
닥터아돌_히알바이오틱스,여성건강
닥터엘리자베스_알티지 퓨어 오메가3,혈중중성지방
닥터엘리자베스_테아닌과 밀크씨슬 활력 솔루션,"간건강,스트레스&수면"
닥터체크_투퍼데이 액티브 멀티비타민,"면역기능,피로감,피부건강,혈당"
닥터팜_쏘팔 코사놀,"남성건강,운동능력&근육량"
닥터하이 365_워터밸런스,혈압
담백하루_초임계 알티지 오메가에센스 1000,"두뇌활동,스트레스&수면,혈관혈액순환,혈중중성지방"
대상웰라이프_밀크씨슬 B파워,간건강
대웅제약_렛잇비,"면역기능,뼈건강,스트레스&수면,피로감,피부건강"
대웅제약_리버골드파워,간건강
대웅제약_마그온,"스트레스&수면,스트레스&수면,여성건강,피로감"
대웅제약_모바렌,탈모&손톱건강
대웅제약_복합우루사,소화&위식도건강
대웅제약_에너씨슬,간건강
대웅제약_에너씨슬 콜레다운,혈중콜레스테롤
대웅제약_우루사,소화&위식도건강
대웅제약_우루사 100mg,소화&위식도건강
대웅제약_임팩타민 케어,"간건강,피로감,피부건강,혈관혈액순환"
대웅제약_임팩타민 파워,"간건강,피로감,피부건강"
대웅제약_임팩타민 파워 에이플러스,"간건강,피로감,피부건강,혈관혈액순환"
대웅제약_임팩타민 프리미엄,"간건강,피로감,피부건강,혈관혈액순환"
대웅제약_임팩타민 프리미엄 원스,"간건강,면역기능,빈혈,뼈건강,피로감,피부건강,혈관혈액순환"
대웅제약_코큐텐100mg,혈압
대원제약_면역 장대원 프로바이오틱스 유산균,장건강
대원제약_유기농 장대원 프로바이오틱스 유산균,장건강
더리얼_알티지 오메가3 맥스 1400,"눈건강,두뇌활동,스트레스&수면,임산부&태아건강,혈관혈액순환,혈중중성지방"
더리틀스_맥스데이 멀티부스터,"피로감,피부건강,혈관혈액순환"
더리틀스_엠에스엠비타민C부스터,"관절건강,치아잇몸&잇몸건강"
더리틀스_케이투미네랄부스터,"면역기능,뼈건강,스트레스&수면,여성건강,임산부&태아건강,치아&잇몸,혈당"
더리틀스_콜라겐부스터,피부건강
데이즈온_프리바이오틱스 FOS 트리플,장건강
데일리원_람노서스 이브,여성건강
데일리원_리얼 알티지 오메가3 1200,스트레스&수면
데일리원_참 착한 크랜베리 정,여성건강
덴프스_덴마크 유산균이야기(캡슐),"임산부&태아건강,장건강"
덴프스_트루바이타민,"치아잇몸&잇몸건강,피로감"
동국제약_유어핏 체지방감소 가르시니아 캄보지아,체지방
동국제약_유어핏 효소S,소화&위식도건강
동국제약_판시딜,탈모&손톱건강
동아제약_박카스 에프,남성건강
동아제약_셀파렉스 에센셜포맨,스트레스&수면
동아제약_셀파렉스 에센셜포우먼,"갑상선건강,스트레스&수면,여성건강,피부건강,혈당"
동아제약_써큐란 알파,"두뇌활동,여성건강,피부건강,혈관혈액순환,혈중콜레스테롤"
동아제약_오늘비타고,피로감
동화약품_비라밸,"스트레스&수면,혈관혈액순환"
디에센셜_데이팩,"눈건강,호흡기건강"
디엘오_코어팩,"갑상선건강,눈건강,면역기능,빈혈,뼈건강,뼈건강,임산부&태아건강,치아&잇몸,피로감,피부건강,혈관혈액순환,혈압"
라이프익스텐션_마그네슘 500mg,"스트레스&수면,여성건강"
라이프익스텐션_마큐가드 with 사프란 & 아스타잔틴,"눈건강,눈건강"
라이프익스텐션_본 리스토어 with 비타민K2,"뼈건강,뼈건강,스트레스&수면,여성건강,임산부&태아건강,치아&잇몸"
라이프익스텐션_슈퍼 오메가3,스트레스&수면
라이프익스텐션_슈퍼 오메가3 이지 소프트젤,스트레스&수면
라이프익스텐션_어드밴스드 밀크씨슬,간건강
라이프익스텐션_원퍼데이 멀티비타민,"빈혈,피로감,피부건강,혈관혈액순환"
라이프익스텐션_투퍼데이 멀티비타민(타블렛),"간건강,갑상선건강,눈건강,면역기능,빈혈,뼈건강,임산부&태아건강,피로감,피부건강,피부건강,혈관혈액순환,혈당,호흡기건강"
라이프익스텐션_피크노제놀 100mg,여성갱년기
라이프케어_멀티 생 유산균 라이브,호흡기건강
라이프케어_비타민C 3000,치아잇몸&잇몸건강
라이프케어_비타민D 4000IU,"뼈건강,호흡기건강"
락토필듀오_락토필듀오,여성건강
락티브_시크릿케어 유산균,여성건강
레이크에비뉴뉴트리션_CoQ10 유비퀴논 100mg,혈압
레이크에비뉴뉴트리션_마그네슘 비스글리시네이트 킬레이트 200mg,"스트레스&수면,여성건강"
레이크에비뉴뉴트리션_비타민C Quali-C 1000mg,"노화&향산화,치아잇몸&잇몸건강,호흡기건강"
레인보우라이트_우먼스 원,"갑상선건강,면역기능,뼈건강,뼈건강"
레인보우앤네이처_레이델 폴리코사놀 더블액션,"혈압,혈중콜레스테롤"
레인보우앤네이처_레이델 폴리코사놀20,혈압
로직뉴트라_매스틱 검 1000mg,소화&위식도건강
로트벡쉔_이뮨 샷 올인원 비타민 플러스 60ml,갑상선건강
리즈랩_(단종) 바이알 이뮨,"갑상선건강,피부건강,혈당"
리포데이_(단종) 올인원 우먼팩,"빈혈,피부건강,혈압"
리포데이_올인원 맨즈팩,"간건강,눈건강,혈관혈액순환,혈압"
마이프로틴_A-Z 멀티비타민,"갑상선건강,혈당"
마이프로틴_알파맨 멀티비타민,"피부건강,피부건강,혈관혈액순환,혈당"
머슬테크_플래티넘 크레아틴 400g,운동능력&근육량
메디로그_올라운드 멀티비타,"간건강,운동능력&근육량,피부건강"
메디포스트_모비타 지노프레쉬 건강해질 여성유산균,여성건강
메이플트리_100억 프로바이오틱스 생유산균,장건강
메이플트리_오메가3 맥스 1100,"두뇌활동,스트레스&수면,혈관혈액순환,혈중중성지방"
메이플트리_칼슘 마그네슘 아연 플러스 비타민D,"뼈건강,치아&잇몸"
미궁365_대장사랑 오리지널,"장건강,혈중콜레스테롤"
바른_위힐스,소화&위식도건강
바이너랩_겟글로이,피부건강
바이엘_베로카,치아잇몸&잇몸건강
바이엘_엘레뉴 1단계,"갑상선건강,임산부&태아건강"
바이엘_엘레뉴 2단계,"갑상선건강,임산부&태아건강"
바이엘_엘레비트,임산부&태아건강
바이엘_원어데이 컴플리트 멀티비타민 우먼,"갑상선건강,뼈건강,치아&잇몸"
바이오일레븐_드시모네 4500,장건강
바이오일레븐_드시모네 데일리,장건강
바이오일레븐_드시모네 듀얼스틱 장케어,장건강
바이오일레븐_드시모네 캡슐,"임산부&태아건강,장건강"
바이오퍼블릭_멀티비타민 우먼,갑상선건강
바이오퍼블릭_칼슘 마그네슘 비타민D정,"뼈건강,임산부&태아건강"
바이탈뷰티_(단종) 메타그린 슬림업,체지방
바이탈뷰티_(단종) 슈퍼콜라겐 에센스,"피부건강,피부건강,피부건강"
바이탈뷰티_메타그린,체지방
바이탈뷰티_메타그린 골드,체지방
바이탈뷰티_메타그린 슬림,체지방
바이탈뷰티_슈퍼콜라겐 골드,"피부건강,피부건강,피부건강"
바이탈뷰티_오메가케어,스트레스&수면
바이탈프로틴_콜라겐 샷,피부건강
베러데이_감마리놀렌산,"여성건강,피부건강,혈중콜레스테롤"
베러웨러_본질 프로바이오틱스,여성건강
보령제약_쎈비백 정,"스트레스&수면,피로감"
본사이언스_프라임하이트(칼슘 900mg),뼈건강
부광약품_메가바이정,스트레스&수면
블랙모어스_오메가 트리플 피쉬오일,두뇌활동
블랙모어스_칼슘 마그네슘 플러스 비타민D,"뼈건강,스트레스&수면,여성건강,임산부&태아건강"
블루보넷뉴트리션_버퍼드 킬레이트 마그네슘,"스트레스&수면,여성건강"
블루보넷뉴트리션_칼슘 시트레이트 마그네슘 비타민D3,"스트레스&수면,여성건강,치아&잇몸"
블루보넷뉴트리션_킬레이트 마그네슘,"스트레스&수면,여성건강"
블루보넷뉴트리션_킬레이트 칼슘 마그네슘,"스트레스&수면,여성건강"
비욘드푸드_콜라겐샷 데이&나잇,피부건강
비타민마을_메가씨 3000,치아잇몸&잇몸건강
비타민마을_와이즈 칼륨,혈압
비타민마을_퍼펙트바이오틱스 곡물효소 프로바이오틱스,소화&위식도건강
비타민마을_퍼펙트바이오틱스 슈퍼 프로바이오틱스 19,장건강
비타할로_루테인 플러스,"눈건강,눈건강"
비타할로_프리바이오틱스 프락토올리고당 FOS,장건강
비타할로_히알루론산,피부건강
서울약사신협_프로바이오 생유산균,장건강
세노비스_눈에 좋은 루테인+오메가3,"눈건강,눈건강,혈관혈액순환,혈중중성지방"
세노비스_달맞이꽃 종자유 감마리놀렌산,"여성건강,피부건강,혈중콜레스테롤"
세노비스_마그네슘,"스트레스&수면,여성건강"
세노비스_밀크씨슬 플러스,간건강
세노비스_수퍼바이오틱스,장건강
세노비스_여성을 위한 멀티비타민미네랄,치아&잇몸
세노비스_오메가3,"두뇌활동,혈관혈액순환,혈중중성지방"
세노비스_칼슘+비타민D,치아&잇몸
세노비스_코엔자임 큐텐,"노화&향산화,혈압"
세노비스_트리플러스,"임산부&태아건강,혈관혈액순환,혈중중성지방"
세노비스_트리플러스 50+,"눈건강,임산부&태아건강,치아&잇몸"
세노비스_트리플러스 맨,"임산부&태아건강,치아&잇몸,피로감,피부건강,혈관혈액순환,혈중중성지방"
세노비스_트리플러스 우먼,"임산부&태아건강,치아&잇몸,피부건강,혈관혈액순환,혈중중성지방"
세노비스_프로폴리스+,치아잇몸&잇몸건강
세노비스_피부촉촉 히알루론산 50ml,피부건강
세리박스_(단종) 세리번 나이트,"스트레스&수면,체지방"
센트룸_(단종) 멀티구미 남성용,피부건강
센트룸_맨(해외),"갑상선건강,면역기능,뼈건강,치아&잇몸,피부건강,혈당"
센트룸_멀티비타민 미네랄,"갑상선건강,눈건강,면역기능,뼈건강,피부건강,혈당,호흡기건강"
센트룸_실버 우먼 50+,"갑상선건강,면역기능,뼈건강,임산부&태아건강,치아&잇몸,혈관혈액순환,혈당"
센트룸_실버 포 맨,"갑상선건강,눈건강,치아&잇몸,피부건강,혈당"
센트룸_실버 포 우먼,"갑상선건강,치아&잇몸,피부건강,혈당"
센트룸_어드밴스,"눈건강,눈건강,피부건강"
센트룸_우먼(국내),"갑상선건강,눈건강,치아&잇몸,피부건강,혈당"
센트룸_우먼(해외),"갑상선건강,혈당"
센트룸_칼슘+D 미니 포커스 본 헬스,치아&잇몸
센트룸_포 맨,"갑상선건강,눈건강,치아&잇몸,피부건강,혈당"
센트룸_프로,"갑상선건강,치아&잇몸,피부건강,혈당"
셀로맥스_홍삼코큐텐,"피로감,혈압"
셀트리온스킨큐어_이너랩 멀티비타민 미네랄 이지퍼펙트,갑상선건강
셀티바_SYN 프리바이오틱스,장건강
셀티바_알티지 오메가3,"혈관혈액순환,혈중중성지방"
솔가_B-컴플렉스 100(캡슐),"간건강,빈혈,피로감,피부건강,혈관혈액순환"
솔가_B-컴플렉스 50(캡슐),"빈혈,피로감,혈관혈액순환"
솔가_관절 엠에스엠 2000,관절건강
솔가_글루코사민 히알루론산 콘드로이틴 MSM,관절건강
솔가_남성용 멀티비타민&미네랄(국내),"피부건강,혈당"
솔가_루테인 20mg,눈건강
솔가_마그네슘 위드 비타민B6 (해외),"스트레스&수면,여성건강"
솔가_브루어스 이스트 7 1/2 비타민 B12,"소화&위식도건강,탈모&손톱건강"
솔가_브루어스 이스트 파우더,장건강
솔가_비타민 B-콤플렉스,"간건강,빈혈,피로감,피부건강,혈관혈액순환"
솔가_비타민C 1000mg(정),"노화&향산화,치아잇몸&잇몸건강,호흡기건강"
솔가_비타민D3 1000IU(소프트젤),"뼈건강,호흡기건강"
솔가_소이 레시틴 1360mg,혈중콜레스테롤
솔가_어드밴스드 칼슘 컴플렉스,"뼈건강,스트레스&수면,여성건강,치아&잇몸"
솔가_에스터-C 플러스 1000mg 비타민C(해외),"노화&향산화,치아잇몸&잇몸건강,호흡기건강"
솔가_에스터-C 플러스 500mg 비타민C(해외),"면역기능,치아잇몸&잇몸건강,호흡기건강"
솔가_여성용 멀티비타민&미네랄(국내),"피부건강,혈당"
솔가_오메가3 700mg(해외),"두뇌활동,스트레스&수면,혈관혈액순환,혈중중성지방"
솔가_오메가3 950mg,"두뇌활동,스트레스&수면,혈관혈액순환,혈중중성지방"
솔가_오메가3 피쉬오일 컨센트레이트,"두뇌활동,스트레스&수면,혈관혈액순환,혈중중성지방"
솔가_젠틀 아이언 25mg,빈혈
솔가_징크 피콜리네이트 22mg,남성건강
솔가_칼슘 600 위드 비타민D3(국내),치아&잇몸
솔가_칼슘 마그네슘,"스트레스&수면,여성건강"
솔가_칼슘 마그네슘 비타민D3,"스트레스&수면,여성건강,치아&잇몸"
솔가_칼슘 마그네슘 플러스 징크,"스트레스&수면,여성건강"
솔가_폴레이트 666 MCG DFE,임산부&태아건강
솔가_폴리코사놀 20mg,"혈압,혈중콜레스테롤"
솔가_프리네이탈 종합비타민&미네랄,"갑상선건강,임산부&태아건강"
솔가_히알루론산 120mg,피부건강
솔라레이_타임드 릴리즈 비타민C 1000mg,"노화&향산화,치아잇몸&잇몸건강"
순수식품_rTG 알티지 오메가3,"혈관혈액순환,혈중중성지방"
순수식품_루테인&오메가3,"눈건강,혈관혈액순환,혈중중성지방"
순수식품_밀크씨슬,간건강
순수식품_아르기닌 10000,"남성건강,운동능력&근육량"
순수식품_종합비타민 미네랄 20,"피부건강,혈당"
슈퍼뉴트리션_슈퍼 이뮨,"면역기능,빈혈,뼈건강,뼈건강,스트레스&수면,여성건강,임산부&태아건강,치아&잇몸,치아잇몸&잇몸건강,피로감,피부건강,피부건강,혈관혈액순환,혈당"
슈퍼뉴트리션_퍼펙트 패밀리,"갑상선건강,면역기능,빈혈,뼈건강,뼈건강,스트레스&수면,여성건강,치아&잇몸,피로감,피부건강,혈관혈액순환,혈압,호흡기건강"
스위스_리버 디톡스,소화&위식도건강
스키니랩_이지슬리밍 잔티젠 다이어트,체지방
스포츠리서치_트리플 스트렝스 오메가3 피쉬오일 (오메가3 1040mg),"두뇌활동,혈관혈액순환,혈중중성지방"
스포츠리서치_트리플 스트렝스 오메가3 피쉬오일 (오메가3 1055mg),"눈건강,두뇌활동,임산부&태아건강,혈관혈액순환,혈중중성지방"
신신제약_미야리산U,소화&위식도건강
신일제약_맥스케어 알파,"간건강,빈혈,스트레스&수면,피로감,혈관혈액순환"
썬다운내추럴_칼슘 마그네슘 징크,"스트레스&수면,여성건강"
쏜리서치_SAT,"간건강,소화&위식도건강"
쏜리서치_베이직 B 컴플렉스,"피로감,피부건강,혈관혈액순환"
쏜리서치_베이직 뉴트리언트 투퍼데이,"눈건강,면역기능,뼈건강,뼈건강,임산부&태아건강,피로감,피부건강,피부건강,혈관혈액순환,혈당,호흡기건강"
쏜리서치_스트레스 B-컴플렉스,"피로감,피부건강"
쏜리서치_어드밴스 뉴트리언트,혈당
쏜리서치_징크 피콜리네이트 15mg,남성건강
쏜리서치_징크 피콜리네이트 30mg,남성건강
쏜리서치_칼슘 마그네슘 말레이트,"스트레스&수면,여성건강"
쏜리서치_퍼퓨지아 SR L-아르기닌,남성건강
아리즈웰_베리 플러스,"남성건강,운동능력&근육량"
아리즈웰_트리플 바이오틱스,"남성건강,운동능력&근육량"
아사히_에비오스,혈압
안국건강_안국 눈건강 솔루션,"눈건강,눈건강"
안국건강_안국 루테인 지아잔틴 미니,눈건강
안국건강_안국 루테인 지아잔틴 플러스,눈건강
안국건강_안국 밀크씨슬,간건강
안국건강_안국 아스타잔틴 미니,눈건강
안국건강_안심 칼슘 마그네슘디,"뼈건강,치아&잇몸"
안국건강_안심 프리업,장건강
안국건강_안심캡슐 안국 코엔자임Q10,혈압
안국건강_잔티움 나이트버닝,스트레스&수면
암웨이_뉴트리라이트 골든 팩,"관절건강,눈건강,눈건강,두뇌활동,스트레스&수면,스트레스&수면,여성건강,치아&잇몸,혈당"
암웨이_뉴트리라이트 더블엑스 10데이즈 종합비타민 무기질,"눈건강,눈건강"
암웨이_뉴트리라이트 더블엑스 리필 종합비타민 무기질,"눈건강,눈건강,스트레스&수면,여성건강,치아&잇몸,피부건강,혈당"
암웨이_뉴트리라이트 맨즈 에너지 팩,"눈건강,눈건강,임산부&태아건강,혈중중성지방"
암웨이_뉴트리라이트 새몬 오메가-3,"두뇌활동,스트레스&수면,혈관혈액순환,혈중중성지방"
암웨이_뉴트리라이트 아세로라 C 비타민,치아잇몸&잇몸건강
암웨이_뉴트리라이트 우먼즈 바이탈 팩,"눈건강,눈건강"
암웨이_뉴트리라이트 칼맥디,"스트레스&수면,여성건강,치아&잇몸"
암웨이_뉴트리라이트 파이토 프로틴,운동능력&근육량
애터미_알래스카 이-오메가3,"혈관혈액순환,혈중중성지방"
애터미_이너콜라겐,피부건강
애터미_컬러푸드 멀티비타민,"갑상선건강,눈건강,눈건강,뼈건강,피부건강,혈당"
애터미_컬러푸드 비타민C,치아잇몸&잇몸건강
애터미_프로바이오틱스 10플러스 친생 유산균,장건강
에버그린_(단종) 멀티비타민 앤 미네랄,눈건강
에스더포뮬러_닥터에스더 어린콜라겐,피부건강
에스더포뮬러_닥터에스더 프리바이오틱스,장건강
에스더포뮬러_울트라 플로라 프로바이오틱스 블루,"임산부&태아건강,장건강"
에스더포뮬러_울트라 플로라 프로바이오틱스 클래식,장건강
에스더포뮬러_울트라 화이토 멀티비타민&미네랄,"눈건강,눈건강,피부건강,혈당"
에이치마인드_스킨바이오틱스,피부건강
에이팜건강_쁘띠앤 칼마디,"뼈건강,스트레스&수면,여성건강,치아&잇몸"
에이플네이처_칼로바이 ACTIVE L-아르기닌 1000,"남성건강,운동능력&근육량"
에이플네이처_칼로바이 녹차카테킨 프로바이오틱스,체지방
에프앤디넷_닥터 페미퓨어 캡슐,여성건강
엔자이메디카_다이제스트 골드 with ATPro,소화&위식도건강
엔자이메디카_다이제스트 베이직,소화&위식도건강
엔큐엔에이_에이드림 스텝1,"빈혈,피로감,혈관혈액순환,혈압"
엔큐엔에이_엠드림,"갑상선건강,면역기능,뼈건강,스트레스&수면,여성건강,치아&잇몸,혈당"
영롱_오리지날 맥주효모환,"소화&위식도건강,탈모&손톱건강"
오니스트_트리플콜라겐 오렌지,피부건강
오리진_옵티멈 오메가-3 맥스 1200,스트레스&수면
오슬로메가_오메가3 피쉬오일 1500mg,"눈건강,두뇌활동,스트레스&수면,임산부&태아건강,혈관혈액순환,혈중중성지방"
오쏘몰_이뮨 드링크+타블렛 (국내),"갑상선건강,눈건강,눈건강,면역기능,치아잇몸&잇몸건강,피부건강,혈당,호흡기건강"
오쏘몰_이뮨 드링크+타블렛 (해외),"갑상선건강,눈건강,면역기능,치아잇몸&잇몸건강,피부건강,혈당"
올바른_와이 케어 프로바이오틱스 VL8,여성건강
와이피컴퍼니_아르게이지,치아잇몸&잇몸건강
우리이앤엘_하루틴 멀티비타민 원데이,"갑상선건강,피부건강,혈당"
원어데이_맨스 컴플리트 멀티비타민,"갑상선건강,면역기능,뼈건강,치아&잇몸,혈당"
원어데이_우먼 컴플리트 멀티비타민,"갑상선건강,뼈건강"
웨버내추럴_비타민D 1000IU,"뼈건강,호흡기건강"
위시헬씨_하루엔진,간건강
유니시티_오메가 라이프-3 리졸브,"두뇌활동,스트레스&수면,혈관혈액순환,혈중중성지방"
유사나_마그네칼D,"스트레스&수면,여성건강,치아&잇몸"
유사나_마이 스마트 쉐이크 화이버지 플러스,"장건강,혈중콜레스테롤"
유사나_바이오메가,"두뇌활동,스트레스&수면,혈중중성지방"
유사나_헬스팩,"눈건강,눈건강,뼈건강,스트레스&수면,여성건강,치아&잇몸,치아잇몸&잇몸건강,피부건강,혈당"
유한메디카_트루액티비5정,스트레스&수면
유한양행_뉴오리진 이너플로라 UREX 프로바이오틱스,여성건강
유한양행_마그비 맥스,"간건강,스트레스&수면,혈관혈액순환"
유한양행_마그비 액티브정,스트레스&수면
유한양행_마그비감마,스트레스&수면
유한양행_마그비연질캡슐,"스트레스&수면,여성건강,피로감"
유한양행_메가트루,"간건강,피로감,피부건강,혈관혈액순환"
유한양행_메가트루 골드,"눈건강,치아&잇몸"
유한양행_메가트루 파워,"간건강,면역기능,빈혈,소화&위식도건강,혈관혈액순환"
유한양행_비타민 씨디,"면역기능,치아잇몸&잇몸건강"
유한양행_비타민C 1000mg,"노화&향산화,면역기능,치아잇몸&잇몸건강,호흡기건강"
유한양행_삐콤씨,"치아잇몸&잇몸건강,호흡기건강"
유한양행_삐콤씨 파워,"면역기능,치아잇몸&잇몸건강,호흡기건강"
유한양행_센스밸런스,"빈혈,피부건강,혈관혈액순환"
유한양행_에너리버,간건강
유한양행_엘레나 UREX 프로바이오틱스,여성건강
익스트림_(단종) 트리플 아르기닌 6200,"남성건강,운동능력&근육량"
익스트림_쏘팔메토 옥타코사놀 550,운동능력&근육량
인테로_멀티비타민 앤 미네랄 밸런스,"갑상선건강,눈건강,눈건강,빈혈,뼈건강,피부건강,혈당"
인테로_오메가3 밸런스1200,"두뇌활동,스트레스&수면,혈관혈액순환,혈중중성지방"
인테로_칼슘마그네슘아연 앤 비타민D 밸런스,"뼈건강,치아&잇몸"
일동생활건강_생생 프로바이오틱스 유산균,장건강
일동제약_마이니 스트레스 피로케어,"간건강,빈혈,피로감,혈관혈액순환"
일동제약_비타민D3 2000IU,"면역기능,임산부&태아건강"
일동제약_비타민씨 1000mg,"노화&향산화,면역기능,치아잇몸&잇몸건강,호흡기건강"
일동제약_아로나민 골드,피로감
일동제약_아로나민 골드 프리미엄,"빈혈,피로감,피부건강,혈관혈액순환"
일동제약_아로나민 씨플러스,"면역기능,치아잇몸&잇몸건강,피부건강,호흡기건강"
일동제약_엑세라민 비,"간건강,피로감,피부건강,혈관혈액순환"
일동제약_엑세라민 엑소,"간건강,피로감,피부건강,혈관혈액순환"
일동제약_엑세라민 프로,"간건강,면역기능,빈혈,피로감,피부건강,혈관혈액순환"
일동제약_엑셀비타프리미엄,"눈건강,눈건강,스트레스&수면"
일동제약_지큐랩 포스트바이오틱스 알에이치티,피부건강
일동후디스_하이뮨 프로틴 밸런스,치아&잇몸
일맥네이처스퀘어_속편한에센셜,소화&위식도건강
일양약품_일양 밀크시슬칸,피부건강
자로우포뮬라_EPA-DHA 밸런스,"두뇌활동,스트레스&수면,혈관혈액순환,혈중중성지방"
자로우포뮬라_매스틱 검,소화&위식도건강
자로우포뮬라_보리지 GLA-240,"여성건강,피부건강,혈중콜레스테롤"
자로우포뮬라_사카로미세스 보울라디 플러스 MOS,장건강
자로우포뮬라_아르기닌 1000mg,"남성건강,운동능력&근육량"
자로우포뮬라_우먼스 펨 도필러스 10억(국내),여성건강
자로우포뮬라_우먼스 펨 도필러스 10억(해외),여성건강
자로우포뮬라_우먼스 펨 도필러스 50억,여성건강
자로우포뮬라_자로우 도필러스 EPS 500억 30캡슐,장건강
자로우포뮬라_자로우 도필러스 EPS 50억 120캡슐(해외),"임산부&태아건강,장건강"
자로우포뮬라_자로우 도필러스 우먼 100억,여성건강
자로우포뮬라_징크 밸런스,남성건강
자로우포뮬라_히알루론산,피부건강
자미에슨_멀티비타민 츄어블,"눈건강,눈건강"
정관장_홍삼정 에브리타임 10ml,"두뇌활동,면역기능,피로감,혈관혈액순환"
제노포커스_비우자,"장건강,혈당,혈중중성지방"
제이앤에이치바이오_바이오 미네랄,"면역기능,뼈건강,스트레스&수면,여성건강,치아&잇몸"
제일헬스사이언스_쎈트힐 제일와이 Y유산균,여성건강
제일헬스사이언스_투엑스비 골드 100,"간건강,소화&위식도건강,스트레스&수면,혈관혈액순환"
제일헬스사이언스_투엑스비 듀얼 정,"간건강,면역기능,뼈건강,소화&위식도건강,스트레스&수면,피로감,피부건강,혈관혈액순환"
젠와이즈헬스_조인트 서포트,관절건강
조아제약_츄어블 비타민D 4000IU,"뼈건강,호흡기건강"
조아제약_훼마틴,"빈혈,혈관혈액순환"
종근당_간건강 슈퍼케어,간건강
종근당_고운자임맘,임산부&태아건강
종근당_닥터굿스 비타민D 4000IU 츄어블,"뼈건강,호흡기건강"
종근당_벤포벨B,"간건강,면역기능,뼈건강,소화&위식도건강,스트레스&수면,피로감,혈관혈액순환,호흡기건강"
종근당_벤포벨G,소화&위식도건강
종근당_볼그레,빈혈
종근당_볼그레 액,"빈혈,임산부&태아건강"
종근당_비타민C 1000mg,"노화&향산화,면역기능,치아잇몸&잇몸건강,호흡기건강"
종근당_액티리버모닝,간건강
종근당_젠빅플러스,"스트레스&수면,스트레스&수면,여성건강,피로감"
종근당_차전자피 식이섬유,장건강
종근당_칼슘 앤 마그네슘 비타민D 아연,뼈건강
종근당_프로바이오틱스 유산균19,장건강
종근당_프리바이오틱스 프락토올리고당 FOS,장건강
종근당_활력비타민B 플러스,"빈혈,피로감,피부건강,혈관혈액순환"
종근당건강_(단종) 락토핏 생유산균 골드,장건강
종근당건강_(단종) 락토핏 생유산균 슬림,"장건강,체지방"
종근당건강_(단종) 락토핏 생유산균 코어,"임산부&태아건강,장건강"
종근당건강_뉴오메가-3,"혈관혈액순환,혈중중성지방"
종근당건강_락토핏 생유산균 골드 5X,장건강
종근당건강_락토핏 생유산균 맘스,임산부&태아건강
종근당건강_락토핏 생유산균 키즈,호흡기건강
종근당건강_락토핏 생유산균 화이버,"장건강,장건강"
종근당건강_락토핏 장을 위한 생유산균19,장건강
종근당건강_벤포벨S,소화&위식도건강
종근당건강_비타민D 2000IU,면역기능
종근당건강_쏙쏙 칼슘,"뼈건강,치아&잇몸"
종근당건강_아이케어 오메가3 로얄,"눈건강,눈건강,혈관혈액순환,혈중중성지방"
종근당건강_아이클리어 루테인아스타잔틴,눈건강
종근당건강_아이클리어 루테인지아잔틴,"눈건강,눈건강"
종근당건강_올앳미 콜라겐 3270,피부건강
종근당건강_와일드비 프로폴리스 플러스,치아잇몸&잇몸건강
종근당건강_원데이21,"갑상선건강,피부건강,혈당"
종근당건강_칼슘 마그네슘,뼈건강
종근당건강_코큐텐 플러스,혈압
종근당건강_프로메가 리얼 오메가3,"혈관혈액순환,혈중중성지방"
종근당건강_프리미엄 비타C 1000 플러스,"치아잇몸&잇몸건강,호흡기건강"
종근당건강_헬씨칸,간건강
종근당건강_헬씨칸 로얄,간건강
종근당건강_혈행건강 프로메가 알티지 오메가3 듀얼,"혈관혈액순환,혈중중성지방"
종근당건강_혈행건강 프로메가 오메가3,"혈관혈액순환,혈중중성지방"
종근당건강_혈행건강 프로메가 오메가3 트리플,"두뇌활동,혈관혈액순환,혈중중성지방"
주영엔에스_관절엔 콘드로이친 1200,관절건강
줄리스초이스_에버비타민,빈혈
중외제약_루테인지아잔틴 오메가,"눈건강,눈건강,눈건강,피부건강,혈관혈액순환,혈중중성지방"
중외제약_프리미엄 프리바이오틱스 FOS 4000,장건강
중외제약_헤모포스,임산부&태아건강
지노프레쉬_건강해질 여성유산균,여성건강
지알앤_분홍이 플러스 비포 그린라이트 가르시니아 12플러스,체지방
지알앤_올댓다이어트 7플러스 검정이,"운동능력&근육량,체지방"
지엔엠_rTG알티지 오메가3,"두뇌활동,스트레스&수면,임산부&태아건강,혈관혈액순환,혈중중성지방"
지엔엠_건강한 간 밀크씨슬,간건강
지엔엠_관절엔 MSM,"관절건강,뼈건강,호흡기건강"
지엔엠_루테인 지아잔틴 아스타잔틴,"눈건강,눈건강,피부건강"
지엔엠_루테인 지아잔틴 오메가3,"눈건강,눈건강,피부건강"
지엔엠_루테인11,피부건강
지엔엠_루테인오메가3,"눈건강,혈관혈액순환,혈중중성지방"
지엔엠_마그네슘05,"스트레스&수면,여성건강,피부건강"
지엔엠_비타민D 2000IU,"뼈건강,임산부&태아건강,호흡기건강"
지엔엠_신바이오틱스 10억 생 유산균 프리바이오틱스,장건강
지엔엠_액티브비타민B 컴플렉스,피부건강
지엔엠_칼슘 마그네슘 아연 비타민D,"뼈건강,임산부&태아건강,치아&잇몸"
지엔엠_코큐텐 오메가3,혈압
지엔엠_코큐텐11,혈압
지엔엠_파워 L 아르기닌,"남성건강,운동능력&근육량"
지엔엠_프로폴리스 05,치아잇몸&잇몸건강
지엠팜_더 폴릭 포 마미,임산부&태아건강
지웨이_알티지 오메가3 장용성 EPA DHA,혈중중성지방
진약사몰_진정주 비타B,"간건강,빈혈,피로감,혈관혈액순환"
차바이오에프앤씨_닥터프로그램 마더스케어 올인원 플러스1,"갑상선건강,뼈건강,뼈건강,임산부&태아건강,호흡기건강"
차바이오에프앤씨_닥터프로그램 마더스케어 올인원 플러스2,임산부&태아건강
청안오가닉스_슬림플래닛 L-카르니틴 2000mg 엑서사이즈,남성건강
청안오가닉스_슬림플래닛 녹차카테킨 500mg 애프터밀,체지방
칼로바이_퍼펙트 파워쉐이크 초코맛,운동능력&근육량
캘리포니아골드뉴트리션_CoQ10 100mg,혈압
캘리포니아골드뉴트리션_CoQ10 100mg with BioPerine 150캡슐,"노화&향산화,혈압"
캘리포니아골드뉴트리션_CoQ10 100mg with PQQ,혈압
캘리포니아골드뉴트리션_골드 C 비타민C 1000mg,"노화&향산화,면역기능,치아잇몸&잇몸건강,호흡기건강"
캘리포니아골드뉴트리션_골드 C 파우더 비타민C 1000mg,치아잇몸&잇몸건강
캘리포니아골드뉴트리션_데일리멀티비타민,"갑상선건강,빈혈,피로감,피부건강,혈관혈액순환"
캘리포니아골드뉴트리션_락토비프 프로바이오틱스 300억,장건강
캘리포니아골드뉴트리션_락토비프 프로바이오틱스 50억,"임산부&태아건강,장건강"
캘리포니아골드뉴트리션_루테인 20mg with 지아잔틴,눈건강
캘리포니아골드뉴트리션_마그네슘 킬레이트,"스트레스&수면,여성건강"
캘리포니아골드뉴트리션_매스틱검 500mg,소화&위식도건강
캘리포니아골드뉴트리션_분리유청단백질 다크초코맛,"갑상선건강,혈압"
캘리포니아골드뉴트리션_비 프로폴리스 2X 500mg,치아잇몸&잇몸건강
캘리포니아골드뉴트리션_비타민D3 2000IU,"면역기능,뼈건강,임산부&태아건강,호흡기건강"
캘리포니아골드뉴트리션_비타민D3 구미,"뼈건강,호흡기건강"
캘리포니아골드뉴트리션_실리마린 컴플렉스,"간건강,소화&위식도건강"
캘리포니아골드뉴트리션_아스타잔틴 AstaLif 12mg,눈건강
캘리포니아골드뉴트리션_오메가 800,"혈관혈액순환,혈중중성지방"
캘리포니아골드뉴트리션_오메가3 프리미엄 피쉬오일,"혈관혈액순환,혈중중성지방"
캘리포니아골드뉴트리션_우먼 멀티비타민,"뼈건강,혈당,호흡기건강"
캘리포니아골드뉴트리션_이뮨4,"면역기능,뼈건강,치아잇몸&잇몸건강,피부건강"
커클랜드_글루코사민 HCI 위드 MSM,관절건강
커클랜드_데일리 멀티 비타민&미네랄(국내),"갑상선건강,눈건강,눈건강,치아&잇몸"
커클랜드_비타민C,치아잇몸&잇몸건강
커클랜드_비타민C 1000mg,"면역기능,치아잇몸&잇몸건강,호흡기건강"
커클랜드_슈퍼 오메가3,"혈관혈액순환,혈중중성지방"
커클랜드_칼슘 시트레이트 마그네슘 아연(해외),"면역기능,뼈건강,치아&잇몸"
컨트리라이프_맥시 헤어 스킨 & 네일스,"피부건강,혈관혈액순환"
컨트리라이프_맥시-헤어 플러스 5000mcg,"갑상선건강,빈혈,피부건강,혈관혈액순환"
컨트리라이프_비 프로폴리스,치아잇몸&잇몸건강
컨트리라이프_칼슘 마그네슘 포타슘,혈압
코스맥스바이오_오한진 프리바이오틱스 FOS 플러스,장건강
투데이헬스케어_오늘부터 웰컷,"장건강,체지방,혈중콜레스테롤"
트루알엑스_리치콜라겐,피부건강
트루엔_눈피로 플로라루테인,"눈건강,눈건강"
트루엔_듀얼액상콜라겐,피부건강
트루엔_알티지 오메가3,"눈건강,두뇌활동,스트레스&수면,임산부&태아건강,혈관혈액순환,혈중중성지방"
트루엔_프로바이오틱스 로제,여성건강
트루포뮬러_위톱,소화&위식도건강
트리즈커머스_마이해빗 프리미엄 효소습관,소화&위식도건강
튼튼닷컴_루테인 프리미엄,"눈건강,눈건강,눈건강"
튼튼닷컴_비타민B 컴플렉스,"빈혈,혈관혈액순환"
튼튼닷컴_프로폴리스,치아잇몸&잇몸건강
파마넥스_유스스팬3,"눈건강,두뇌활동,면역기능,스트레스&수면,피부건강,혈관혈액순환,혈당,혈중중성지방"
파마젠_알티지 오메가3,"스트레스&수면,혈중중성지방"
파이토웨이_써큐시안 블러드케어,"혈압,혈중콜레스테롤"
파이토웨이_판토모나 비오틴 플러스 맥스 남성용,운동능력&근육량
파이토웨이_판토모나 비오틴 하이퍼포머,혈당
팜스빌_비타민스토리 맥스 칼슘 마그네슘 비타민D&C 플러스,"스트레스&수면,여성건강"
팜스빌_애플트리김약사네 벨기에 유산균 다이어트 트리플러스,"장건강,체지방"
팜스빌_애플트리김약사네 장건강365 프리바이오틱스 프로바이오틱스,장건강
퍼스트팜_가르시니아 다이어트,체지방
페미밸런스_페미밸런스 플러스,여성건강
푸드올로지_(단종) 콜레올로지,"체지방,피부건강"
푸드올로지_맨올로지 컷,운동능력&근육량
프로뉴트리션_칼로버스트,체지방
프로스랩_핑크 프로바이오틱스,여성건강
프롬바이오_눈건강엔 빌베리 플러스,"눈건강,눈건강,눈건강,혈관혈액순환,혈중중성지방"
프롬바이오_수면건강엔 락티움 플러스,"스트레스&수면,스트레스&수면"
피코크_유산균 프로바이오틱스,장건강
피토틱스_시트루 아르기닌,"남성건강,운동능력&근육량"
피토틱스_옐로우,장건강
피트라인_(단종) 리스토레이트,"스트레스&수면,여성건강,혈당"
필리_비타민B,피로감
필리_칼슘 마그네슘 비타민D,치아&잇몸
필리_히알루론산 스피루리나,피부건강
한국야쿠르트_엠프로 프로바이오틱스 윌,소화&위식도건강
한국인삼공사_정관장,"두뇌활동,혈관혈액순환"
한국인삼공사_정관장 뉴트리팩,"두뇌활동,혈관혈액순환"
한국인삼공사_정관장 홍삼 정옥고 250g,"두뇌활동,피로감"
한국인삼공사_정관장 홍삼정 240g,"두뇌활동,피로감,혈관혈액순환"
한국인삼공사_정관장 홍삼정 로얄 240g,두뇌활동
한국인삼공사_정관장 홍삼정 에브리타임 밸런스 10ml,"두뇌활동,피로감"
한국인삼공사_정관장 홍삼톤 50ml,"두뇌활동,피로감"
한국인삼공사_정관장 홍삼톤 골드 40ml,두뇌활동
한국인삼공사_정관장 화애락 진 70ml,"두뇌활동,혈관혈액순환"
한국인삼공사_정관장 화애락 큐,"두뇌활동,혈관혈액순환"
한국코와_카베진코와알파정,소화&위식도건강
한국효소_효소원N,소화&위식도건강
한미약품_나인나인,눈건강
한미약품_루테인 맥스,"눈건강,눈건강,눈건강"
한미약품_비엘비,스트레스&수면
한미약품_텐텐 츄정,"눈건강,뼈건강"
한미양행_눈부신 비타민D 4000IU,"뼈건강,호흡기건강"
한미양행_헤파케어 골드,간건강
한미헬스케어_365 눈건강 루테인,"눈건강,눈건강"
한미헬스케어_쇼킹 다이어트,"체지방,체지방"
한미헬스케어_칼슘 마그네슘 아연 비타민D,치아&잇몸
해비추얼(와이즐리)_(단종) 혈행 눈건강 기억력 오메가3,"두뇌활동,스트레스&수면,혈중중성지방"
해비추얼(와이즐리)_눈 건강 아스타잔틴,눈건강
해비추얼(와이즐리)_뼈신경근육엔 칼슘마그네슘,치아&잇몸
해비추얼(와이즐리)_에너지 포커스,"갑상선건강,피부건강,피부건강,혈당"
해비추얼(와이즐리)_항산화면역 프로폴리스,피부건강
해비추얼(와이즐리)_활력충전 멀티비타민&미네랄,"갑상선건강,피부건강,피부건강,혈당"
헤어메스_바이오렉트라 마그네슘 400mg 울트라 다이렉트,스트레스&수면
헬스밸런스_베스처 루테인 플러스 오메가3 멀티비타민 앤 미네랄,"눈건강,눈건강,혈중중성지방"
헬스헬퍼_맥스컷 버닝,체지방
홀리데이즈_L-아르기닌 1000,"남성건강,운동능력&근육량"
홀리데이즈_오메가3 1100,스트레스&수면
황금구렁이_황금구렁이,장건강
휴럼_시서스 스피드 다이어트,체지방
휴온스_메리트 C&D,"면역기능,치아잇몸&잇몸건강,호흡기건강"
